{
  "FilterHeaders": [
    {
      "Header": "user-agent",
      "IncludeInScript": false
    },
    {
      "Header": "dnt",
      "IncludeInScript": true
    },
    {
      "Header": "accept-language",
      "IncludeInScript": false
    },
    {
      "Header": "accept-encoding",
      "IncludeInScript": false
    },
    {
      "Header": "accept",
      "IncludeInScript": false
    }
  ],
  "FilterResources": [
    {
      "IsNonResource": true,
      "type": "text/html"
    }
  ],
  "GeneralInfo": {
    "BrowserVersion": "",
    "IsWinInetMode": false,
    "MaxUsedConnections": 1,
    "RecordedBrowser": "Internet Explorer",
    "RecordingDate": "апр-12-2019",
    "RecordingDuration": 24819,
    "RecordingMode": "N/A",
    "RecordingTimeStamp": 1555044866,
    "RecordingType": "Browser",
    "TotalBytesReceived": 5969,
    "TotalBytesSent": 1045,
    "TotalRequests": 1,
    "UserAgent": "Mozilla/5.0 (Windows NT 6.1; WOW64; Trident/7.0; rv:11.0) like Gecko"
  },
  "HostInfo": [
    {
      "DomainName": "yandex.ru",
      "Domains": [
        {
          "HTTPVersion": "HTTP/1.1",
          "IP": "[2a02:6b8::25]",
          "IncludeInScript": true,
          "Name": "mail.yandex.ru",
          "Port": 443,
          "Requests": [
            {
              "CompressionType": "gzip",
              "DataType": "text/html",
              "DownloadTime": 312,
              "EventId": 96,
              "HttpStatus": 200,
              "Size": 5969,
              "URL": "https://mail.yandex.ru/lite"
            }
          ],
          "SSLCipher": "ECDHE-RSA-AES128-SHA256",
          "SSLVersion": "TLS1.2"
        }
      ],
      "IncludeInScript": true
    }
  ],
  "WebSocket": {
    "IncludeInScript": false,
    "IsScriptIncludeWebSocket": false
  },
  "NumberOfCorrelations": 0
}